parse_ms,finger_ms,pred_ms,dpm_total_ms,finger_bytes,sig_ms,hash_ms,path,category,size_bytes
1.105,2.3114,4.1786,7.4602,683,0.0057,0.0058,corpus/benign_moddate/admin_record/admin_record_001.pdf,benign_moddate,2327
1.5022,2.8683,4.9863,9.3667,683,0.0051,0.0049,corpus/benign_moddate/admin_record/admin_record_002.pdf,benign_moddate,2328
1.4398,3.0562,4.6474,9.7252,683,0.0048,0.0059,corpus/benign_moddate/admin_record/admin_record_003.pdf,benign_moddate,2328
1.4064,5.1911,6.2453,14.6471,683,0.0065,0.0055,corpus/benign_moddate/admin_record/admin_record_004.pdf,benign_moddate,2328
1.692,3.2173,6.175,11.6711,683,0.0172,0.0085,corpus/benign_moddate/admin_record/admin_record_005.pdf,benign_moddate,2328
1.7232,4.1794,5.5533,11.554,683,0.0064,0.0063,corpus/benign_moddate/admin_record/admin_record_006.pdf,benign_moddate,2328
1.4674,3.3653,4.7346,9.5026,544,0.0058,0.0058,corpus/benign_moddate/certificate/certificate_001.pdf,benign_moddate,2441
1.6539,3.6061,5.748,10.913,544,0.006,0.0069,corpus/benign_moddate/certificate/certificate_002.pdf,benign_moddate,2439
2.3321,5.2732,8.9763,16.1844,544,0.0109,0.0093,corpus/benign_moddate/certificate/certificate_003.pdf,benign_moddate,2441
1.4886,3.4122,5.1021,9.9706,544,0.0051,0.0057,corpus/benign_moddate/certificate/certificate_004.pdf,benign_moddate,2441
1.4524,2.8438,4.3656,8.8578,544,0.0039,0.0055,corpus/benign_moddate/certificate/certificate_005.pdf,benign_moddate,2441
1.5005,3.1578,5.1898,10.2589,544,0.0048,0.0057,corpus/benign_moddate/certificate/certificate_006.pdf,benign_moddate,2441
1.2226,2.8016,4.9225,8.9886,502,0.0042,0.0049,corpus/benign_moddate/invoice/invoice_001.pdf,benign_moddate,2247
1.5347,3.3149,4.9667,11.2307,502,0.0047,0.0061,corpus/benign_moddate/invoice/invoice_002.pdf,benign_moddate,2251
1.2476,3.197,4.784,9.2286,504,0.0041,0.0055,corpus/benign_moddate/invoice/invoice_003.pdf,benign_moddate,2251
1.1515,2.9523,4.6387,9.884,498,0.0037,0.0047,corpus/benign_moddate/invoice/invoice_004.pdf,benign_moddate,2248
1.1338,2.6556,3.9035,7.7092,502,0.0034,0.0046,corpus/benign_moddate/invoice/invoice_005.pdf,benign_moddate,2250
1.1603,2.6039,3.9028,7.8299,500,0.0037,0.0046,corpus/benign_moddate/invoice/invoice_006.pdf,benign_moddate,2245
0.9673,2.4286,3.4332,6.8469,683,0.0027,0.0042,corpus/baseline/admin_record/admin_record_001.pdf,baseline,1969
0.9667,2.3551,3.5277,6.8143,683,0.0028,0.0041,corpus/baseline/admin_record/admin_record_002.pdf,baseline,1970
0.9528,2.4795,3.7182,7.2122,683,0.003,0.0043,corpus/baseline/admin_record/admin_record_003.pdf,baseline,1970
0.9687,2.4392,3.8545,8.0666,683,0.0034,0.0044,corpus/baseline/admin_record/admin_record_004.pdf,baseline,1970
1.3865,2.6764,3.9754,8.7943,683,0.0027,0.0038,corpus/baseline/admin_record/admin_record_005.pdf,baseline,1970
0.9047,2.2982,3.6226,6.9512,683,0.0031,0.0039,corpus/baseline/admin_record/admin_record_006.pdf,baseline,1970
1.2185,3.5703,4.3803,9.4303,544,0.0027,0.0046,corpus/baseline/certificate/certificate_001.pdf,baseline,2080
0.9671,2.1425,3.2297,6.3604,544,0.0026,0.0042,corpus/baseline/certificate/certificate_002.pdf,baseline,2078
1.0571,2.225,3.4812,6.9175,544,0.0034,0.0043,corpus/baseline/certificate/certificate_003.pdf,baseline,2080
0.9906,2.3137,3.798,7.1023,544,0.0028,0.0044,corpus/baseline/certificate/certificate_004.pdf,baseline,2080
1.0361,2.6946,4.1698,8.1326,544,0.003,0.0043,corpus/baseline/certificate/certificate_005.pdf,baseline,2080
1.5898,3.5699,5.3784,11.336,544,0.0035,0.0052,corpus/baseline/certificate/certificate_006.pdf,baseline,2080
1.3118,3.4697,6.1267,11.1762,502,0.0032,0.0048,corpus/baseline/invoice/invoice_001.pdf,baseline,1909
1.0013,3.4783,4.8052,9.3905,502,0.0034,0.0045,corpus/baseline/invoice/invoice_002.pdf,baseline,1913
1.2023,3.2459,4.6546,9.8804,504,0.0029,0.0041,corpus/baseline/invoice/invoice_003.pdf,baseline,1913
1.2389,3.0509,4.4667,8.6954,498,0.003,0.0041,corpus/baseline/invoice/invoice_004.pdf,baseline,1910
0.9748,2.7164,4.3115,7.8784,502,0.0032,0.0052,corpus/baseline/invoice/invoice_005.pdf,baseline,1912
1.977,2.9836,5.0854,11.1527,500,0.0031,0.0045,corpus/baseline/invoice/invoice_006.pdf,baseline,1907
1.033,1.271,2.5357,5.3313,329,0.0025,0.0209,corpus/attack_A3_scapy/admin_record/admin_record_001.pdf,attack_A3_scapy,1969
1.1116,1.3769,2.1598,4.8583,329,0.0022,0.0211,corpus/attack_A3_scapy/admin_record/admin_record_002.pdf,attack_A3_scapy,1970
1.2641,1.1872,3.1022,5.8449,329,0.0025,0.0216,corpus/attack_A3_scapy/admin_record/admin_record_003.pdf,attack_A3_scapy,1970
0.8992,1.4618,2.7635,5.8444,329,0.0021,0.0214,corpus/attack_A3_scapy/admin_record/admin_record_004.pdf,attack_A3_scapy,1970
0.9993,1.2284,2.7093,4.8789,329,0.0025,0.0183,corpus/attack_A3_scapy/admin_record/admin_record_005.pdf,attack_A3_scapy,1970
0.9229,1.4143,2.8993,6.196,329,0.0024,0.0203,corpus/attack_A3_scapy/admin_record/admin_record_006.pdf,attack_A3_scapy,1970
1.0504,1.6321,2.3067,4.7212,329,0.002,0.0186,corpus/attack_A3_scapy/certificate/certificate_001.pdf,attack_A3_scapy,2080
0.941,1.1883,2.493,4.9188,329,0.0023,0.0221,corpus/attack_A3_scapy/certificate/certificate_002.pdf,attack_A3_scapy,2078
1.0702,1.2812,2.7609,6.1567,329,0.0026,0.0203,corpus/attack_A3_scapy/certificate/certificate_003.pdf,attack_A3_scapy,2080
1.3087,1.2226,2.6536,5.3145,329,0.0021,0.019,corpus/attack_A3_scapy/certificate/certificate_004.pdf,attack_A3_scapy,2080
1.1612,1.4761,3.1603,6.016,329,0.0021,0.0191,corpus/attack_A3_scapy/certificate/certificate_005.pdf,attack_A3_scapy,2080
1.1167,1.2902,2.3407,4.7714,329,0.0025,0.02,corpus/attack_A3_scapy/certificate/certificate_006.pdf,attack_A3_scapy,2080
0.9835,1.1427,2.4423,4.5401,309,0.0036,0.0246,corpus/attack_A3_scapy/invoice/invoice_001.pdf,attack_A3_scapy,1909
1.1528,1.2988,3.1247,6.8395,309,0.0026,0.0219,corpus/attack_A3_scapy/invoice/invoice_002.pdf,attack_A3_scapy,1913
1.9786,2.2147,3.034,7.0082,309,0.003,0.029,corpus/attack_A3_scapy/invoice/invoice_003.pdf,attack_A3_scapy,1913
1.4552,1.5469,3.157,6.4396,309,0.0026,0.025,corpus/attack_A3_scapy/invoice/invoice_004.pdf,attack_A3_scapy,1910
1.2727,1.3495,2.4504,5.1921,309,0.0027,0.0229,corpus/attack_A3_scapy/invoice/invoice_005.pdf,attack_A3_scapy,1912
1.1094,1.2064,2.4596,4.9627,309,0.0023,0.0218,corpus/attack_A3_scapy/invoice/invoice_006.pdf,attack_A3_scapy,1907
1.9179,1.7958,3.9043,7.0068,406,0.0054,0.0435,corpus/attack_A2_metadata/e_hide_and_replace/admin_record/admin_record_001.pdf,attack_A2_metadata,2714
3.7649,3.0053,6.9836,14.9337,406,0.0087,0.0528,corpus/attack_A2_metadata/e_hide_and_replace/admin_record/admin_record_002.pdf,attack_A2_metadata,2715
3.5261,3.2281,6.2058,12.4154,406,0.006,0.0375,corpus/attack_A2_metadata/e_hide_and_replace/admin_record/admin_record_003.pdf,attack_A2_metadata,2715
2.0021,1.9851,4.7539,7.6877,406,0.0042,0.0307,corpus/attack_A2_metadata/e_hide_and_replace/admin_record/admin_record_004.pdf,attack_A2_metadata,2715
1.4471,1.1751,2.5063,5.2452,406,0.0037,0.0244,corpus/attack_A2_metadata/e_hide_and_replace/admin_record/admin_record_005.pdf,attack_A2_metadata,2715
1.4867,1.2171,2.6612,5.3996,406,0.0033,0.0229,corpus/attack_A2_metadata/e_hide_and_replace/admin_record/admin_record_006.pdf,attack_A2_metadata,2715
2.2164,1.2996,2.6091,6.0751,407,0.0033,0.0283,corpus/attack_A2_metadata/e_hide_and_replace/certificate/certificate_001.pdf,attack_A2_metadata,2829
5.1322,3.7994,9.4926,18.4533,407,0.0106,0.05,corpus/attack_A2_metadata/e_hide_and_replace/certificate/certificate_002.pdf,attack_A2_metadata,2827
5.7695,4.1376,9.146,19.6599,407,0.0096,0.0519,corpus/attack_A2_metadata/e_hide_and_replace/certificate/certificate_003.pdf,attack_A2_metadata,2829
6.1585,4.2326,11.4069,22.9597,407,0.0088,0.0511,corpus/attack_A2_metadata/e_hide_and_replace/certificate/certificate_004.pdf,attack_A2_metadata,2829
5.7716,3.9414,9.5542,19.3445,407,0.009,0.0494,corpus/attack_A2_metadata/e_hide_and_replace/certificate/certificate_005.pdf,attack_A2_metadata,2829
4.6046,3.3691,9.173,17.0406,407,0.0082,0.049,corpus/attack_A2_metadata/e_hide_and_replace/certificate/certificate_006.pdf,attack_A2_metadata,2829
5.3694,3.7035,9.8275,20.6371,386,0.0105,0.0463,corpus/attack_A2_metadata/e_hide_and_replace/invoice/invoice_001.pdf,attack_A2_metadata,2654
5.7627,5.4953,11.4048,22.9456,386,0.0109,0.0581,corpus/attack_A2_metadata/e_hide_and_replace/invoice/invoice_002.pdf,attack_A2_metadata,2658
5.7597,4.653,9.1792,24.5901,386,0.0099,0.0566,corpus/attack_A2_metadata/e_hide_and_replace/invoice/invoice_003.pdf,attack_A2_metadata,2658
4.6396,3.8939,9.2436,17.6506,386,0.0077,0.048,corpus/attack_A2_metadata/e_hide_and_replace/invoice/invoice_004.pdf,attack_A2_metadata,2655
6.0283,3.9868,11.6345,21.7265,386,0.0091,0.0484,corpus/attack_A2_metadata/e_hide_and_replace/invoice/invoice_005.pdf,attack_A2_metadata,2657
5.1583,3.4785,8.5586,19.4294,386,0.0107,0.052,corpus/attack_A2_metadata/e_hide_and_replace/invoice/invoice_006.pdf,attack_A2_metadata,2652
8.709,11.2911,20.4946,42.3161,711,0.0113,0.0557,corpus/attack_A2_metadata/d_ocg_toggle/admin_record/admin_record_001.pdf,attack_A2_metadata,2311
6.9543,15.7773,17.2305,45.7549,711,0.0089,0.045,corpus/attack_A2_metadata/d_ocg_toggle/admin_record/admin_record_002.pdf,attack_A2_metadata,2312
4.7122,8.8842,13.2744,26.0374,711,0.0096,0.0493,corpus/attack_A2_metadata/d_ocg_toggle/admin_record/admin_record_003.pdf,attack_A2_metadata,2312
5.8265,11.0128,18.7552,37.6247,711,0.0128,0.0702,corpus/attack_A2_metadata/d_ocg_toggle/admin_record/admin_record_004.pdf,attack_A2_metadata,2312
5.7559,12.5571,18.9785,37.9763,711,0.0118,0.0617,corpus/attack_A2_metadata/d_ocg_toggle/admin_record/admin_record_005.pdf,attack_A2_metadata,2312
5.3406,11.6785,16.5139,34.2329,711,0.0109,0.0612,corpus/attack_A2_metadata/d_ocg_toggle/admin_record/admin_record_006.pdf,attack_A2_metadata,2312
5.9463,12.6928,18.7777,37.355,572,0.0143,0.0748,corpus/attack_A2_metadata/d_ocg_toggle/certificate/certificate_001.pdf,attack_A2_metadata,2429
7.1076,14.3727,19.3209,40.1464,572,0.0115,0.0631,corpus/attack_A2_metadata/d_ocg_toggle/certificate/certificate_002.pdf,attack_A2_metadata,2427
5.2792,9.4882,14.5457,29.6303,572,0.0062,0.0431,corpus/attack_A2_metadata/d_ocg_toggle/certificate/certificate_003.pdf,attack_A2_metadata,2429
4.7335,9.7559,13.9105,27.7482,572,0.0072,0.0395,corpus/attack_A2_metadata/d_ocg_toggle/certificate/certificate_004.pdf,attack_A2_metadata,2429
5.6883,8.8476,14.2328,28.4307,572,0.0081,0.0407,corpus/attack_A2_metadata/d_ocg_toggle/certificate/certificate_005.pdf,attack_A2_metadata,2429
5.1645,13.5997,14.923,35.2123,572,0.009,0.0415,corpus/attack_A2_metadata/d_ocg_toggle/certificate/certificate_006.pdf,attack_A2_metadata,2429
4.3045,11.4088,14.8581,30.0155,530,0.0106,0.0496,corpus/attack_A2_metadata/d_ocg_toggle/invoice/invoice_001.pdf,attack_A2_metadata,2254
4.3633,11.5102,15.7156,31.5391,530,0.0079,0.04,corpus/attack_A2_metadata/d_ocg_toggle/invoice/invoice_002.pdf,attack_A2_metadata,2258
4.5273,11.0008,14.3852,30.2481,532,0.0066,0.037,corpus/attack_A2_metadata/d_ocg_toggle/invoice/invoice_003.pdf,attack_A2_metadata,2258
4.1979,11.4213,16.3989,32.3889,526,0.0066,0.0393,corpus/attack_A2_metadata/d_ocg_toggle/invoice/invoice_004.pdf,attack_A2_metadata,2255
5.6569,12.414,18.0323,37.2673,530,0.0085,0.0391,corpus/attack_A2_metadata/d_ocg_toggle/invoice/invoice_005.pdf,attack_A2_metadata,2257
5.4909,13.9734,17.2144,36.4516,528,0.0113,0.0686,corpus/attack_A2_metadata/d_ocg_toggle/invoice/invoice_006.pdf,attack_A2_metadata,2252
4.8606,8.8304,12.8091,27.0795,683,0.0065,0.0384,corpus/attack_A2_metadata/c_annotation_overlay/admin_record/admin_record_001.pdf,attack_A2_metadata,2138
9.112,10.4048,14.9331,35.9744,683,0.0078,0.0385,corpus/attack_A2_metadata/c_annotation_overlay/admin_record/admin_record_002.pdf,attack_A2_metadata,2139
3.6978,7.545,11.5596,22.0459,683,0.0064,0.0397,corpus/attack_A2_metadata/c_annotation_overlay/admin_record/admin_record_003.pdf,attack_A2_metadata,2139
3.9564,8.9373,13.8554,27.9536,683,0.0093,0.0468,corpus/attack_A2_metadata/c_annotation_overlay/admin_record/admin_record_004.pdf,attack_A2_metadata,2139
3.9514,8.0175,13.7792,25.7711,683,0.0091,0.0477,corpus/attack_A2_metadata/c_annotation_overlay/admin_record/admin_record_005.pdf,attack_A2_metadata,2139
3.9831,8.7584,13.3173,27.4456,683,0.0066,0.0425,corpus/attack_A2_metadata/c_annotation_overlay/admin_record/admin_record_006.pdf,attack_A2_metadata,2139
6.0297,8.7102,13.159,27.9544,544,0.0065,0.0408,corpus/attack_A2_metadata/c_annotation_overlay/certificate/certificate_001.pdf,attack_A2_metadata,2254
3.9415,8.8298,13.1135,28.122,544,0.0056,0.0396,corpus/attack_A2_metadata/c_annotation_overlay/certificate/certificate_002.pdf,attack_A2_metadata,2252
4.9676,8.2352,12.903,25.3674,544,0.006,0.0332,corpus/attack_A2_metadata/c_annotation_overlay/certificate/certificate_003.pdf,attack_A2_metadata,2254
4.675,8.0446,13.5896,26.6917,544,0.0077,0.0374,corpus/attack_A2_metadata/c_annotation_overlay/certificate/certificate_004.pdf,attack_A2_metadata,2254
5.1471,9.6296,12.6491,26.1563,544,0.0105,0.0392,corpus/attack_A2_metadata/c_annotation_overlay/certificate/certificate_005.pdf,attack_A2_metadata,2254
5.3728,9.8108,11.0908,25.8296,544,0.0069,0.0362,corpus/attack_A2_metadata/c_annotation_overlay/certificate/certificate_006.pdf,attack_A2_metadata,2254
5.534,10.2257,15.3026,30.7002,502,0.0058,0.0379,corpus/attack_A2_metadata/c_annotation_overlay/invoice/invoice_001.pdf,attack_A2_metadata,2081
5.7114,9.6913,13.3459,27.7363,502,0.0072,0.0366,corpus/attack_A2_metadata/c_annotation_overlay/invoice/invoice_002.pdf,attack_A2_metadata,2085
4.1488,9.9428,13.4769,27.5044,504,0.0086,0.0458,corpus/attack_A2_metadata/c_annotation_overlay/invoice/invoice_003.pdf,attack_A2_metadata,2085
4.4453,9.5442,15.3401,29.3016,498,0.007,0.0426,corpus/attack_A2_metadata/c_annotation_overlay/invoice/invoice_004.pdf,attack_A2_metadata,2082
4.112,9.9081,14.7663,28.7262,502,0.007,0.0378,corpus/attack_A2_metadata/c_annotation_overlay/invoice/invoice_005.pdf,attack_A2_metadata,2084
4.0168,9.8709,14.058,27.1015,500,0.0071,0.038,corpus/attack_A2_metadata/c_annotation_overlay/invoice/invoice_006.pdf,attack_A2_metadata,2079
4.9599,8.6761,14.5005,27.8328,685,0.0073,0.0426,corpus/attack_A2_metadata/b_viewer_prefs/admin_record/admin_record_001.pdf,attack_A2_metadata,2275
4.6785,11.3076,17.3391,35.7614,685,0.0078,0.0375,corpus/attack_A2_metadata/b_viewer_prefs/admin_record/admin_record_002.pdf,attack_A2_metadata,2276
3.8007,7.8129,12.2853,24.617,685,0.0073,0.0409,corpus/attack_A2_metadata/b_viewer_prefs/admin_record/admin_record_003.pdf,attack_A2_metadata,2276
5.0777,8.5498,13.6629,26.962,685,0.0084,0.0466,corpus/attack_A2_metadata/b_viewer_prefs/admin_record/admin_record_004.pdf,attack_A2_metadata,2276
4.7037,9.341,13.4776,27.978,685,0.0088,0.0497,corpus/attack_A2_metadata/b_viewer_prefs/admin_record/admin_record_005.pdf,attack_A2_metadata,2276
5.133,9.5802,13.5356,29.6784,685,0.0073,0.039,corpus/attack_A2_metadata/b_viewer_prefs/admin_record/admin_record_006.pdf,attack_A2_metadata,2276
4.2099,6.325,12.238,22.1734,546,0.0072,0.032,corpus/attack_A2_metadata/b_viewer_prefs/certificate/certificate_001.pdf,attack_A2_metadata,2387
6.4348,9.491,13.6077,30.1098,546,0.0082,0.0398,corpus/attack_A2_metadata/b_viewer_prefs/certificate/certificate_002.pdf,attack_A2_metadata,2385
4.1742,9.3512,14.032,28.4915,546,0.008,0.0432,corpus/attack_A2_metadata/b_viewer_prefs/certificate/certificate_003.pdf,attack_A2_metadata,2387
4.0818,8.8996,12.5125,25.9197,546,0.0076,0.0409,corpus/attack_A2_metadata/b_viewer_prefs/certificate/certificate_004.pdf,attack_A2_metadata,2387
4.4216,8.4642,11.5235,25.062,546,0.0079,0.0411,corpus/attack_A2_metadata/b_viewer_prefs/certificate/certificate_005.pdf,attack_A2_metadata,2387
6.0251,13.1435,11.5287,31.1938,546,0.0069,0.038,corpus/attack_A2_metadata/b_viewer_prefs/certificate/certificate_006.pdf,attack_A2_metadata,2387
3.7152,8.741,13.0798,26.4869,504,0.0064,0.0375,corpus/attack_A2_metadata/b_viewer_prefs/invoice/invoice_001.pdf,attack_A2_metadata,2215
3.4958,8.798,12.6038,25.2973,504,0.0071,0.0412,corpus/attack_A2_metadata/b_viewer_prefs/invoice/invoice_002.pdf,attack_A2_metadata,2219
3.9219,12.8217,15.9716,34.9262,506,0.0073,0.0396,corpus/attack_A2_metadata/b_viewer_prefs/invoice/invoice_003.pdf,attack_A2_metadata,2219
4.4232,10.297,15.3471,29.7921,500,0.0079,0.0376,corpus/attack_A2_metadata/b_viewer_prefs/invoice/invoice_004.pdf,attack_A2_metadata,2216
5.095,12.0643,15.8918,33.0511,504,0.0083,0.042,corpus/attack_A2_metadata/b_viewer_prefs/invoice/invoice_005.pdf,attack_A2_metadata,2218
4.6536,11.4024,16.3346,32.683,502,0.0084,0.0533,corpus/attack_A2_metadata/b_viewer_prefs/invoice/invoice_006.pdf,attack_A2_metadata,2213
5.6052,9.8053,14.5692,31.1509,626,0.007,0.0386,corpus/attack_A2_metadata/a_metadata_info/admin_record/admin_record_001.pdf,attack_A2_metadata,2209
5.664,10.622,12.8758,28.275,626,0.0069,0.038,corpus/attack_A2_metadata/a_metadata_info/admin_record/admin_record_002.pdf,attack_A2_metadata,2210
4.49,7.94,11.0939,23.4588,626,0.0078,0.0363,corpus/attack_A2_metadata/a_metadata_info/admin_record/admin_record_003.pdf,attack_A2_metadata,2210
5.1472,8.1034,12.4109,24.5055,626,0.0077,0.0399,corpus/attack_A2_metadata/a_metadata_info/admin_record/admin_record_004.pdf,attack_A2_metadata,2210
5.3773,7.8499,11.2931,23.8194,626,0.007,0.0437,corpus/attack_A2_metadata/a_metadata_info/admin_record/admin_record_005.pdf,attack_A2_metadata,2210
4.2895,7.4386,10.6425,23.3221,626,0.0076,0.0374,corpus/attack_A2_metadata/a_metadata_info/admin_record/admin_record_006.pdf,attack_A2_metadata,2210
5.0039,7.4165,12.3634,24.5623,487,0.0081,0.0394,corpus/attack_A2_metadata/a_metadata_info/certificate/certificate_001.pdf,attack_A2_metadata,2323
3.7913,9.2601,11.7369,24.8468,487,0.0076,0.0432,corpus/attack_A2_metadata/a_metadata_info/certificate/certificate_002.pdf,attack_A2_metadata,2321
4.3984,7.7188,13.4593,24.8957,487,0.0076,0.0396,corpus/attack_A2_metadata/a_metadata_info/certificate/certificate_003.pdf,attack_A2_metadata,2323
4.3562,9.8595,14.7969,29.6657,487,0.0104,0.0449,corpus/attack_A2_metadata/a_metadata_info/certificate/certificate_004.pdf,attack_A2_metadata,2323
6.9632,11.8759,17.5186,38.687,487,0.0086,0.0398,corpus/attack_A2_metadata/a_metadata_info/certificate/certificate_005.pdf,attack_A2_metadata,2323
4.7649,8.5211,11.0042,22.479,487,0.007,0.0371,corpus/attack_A2_metadata/a_metadata_info/certificate/certificate_006.pdf,attack_A2_metadata,2323
3.6103,8.9485,13.1685,28.1204,465,0.007,0.0382,corpus/attack_A2_metadata/a_metadata_info/invoice/invoice_001.pdf,attack_A2_metadata,2149
3.6176,10.2998,15.0514,31.0286,465,0.0101,0.0441,corpus/attack_A2_metadata/a_metadata_info/invoice/invoice_002.pdf,attack_A2_metadata,2153
4.0562,10.784,14.0627,28.5047,467,0.0074,0.0375,corpus/attack_A2_metadata/a_metadata_info/invoice/invoice_003.pdf,attack_A2_metadata,2153
4.0853,9.5774,13.0324,25.4306,461,0.0072,0.0383,corpus/attack_A2_metadata/a_metadata_info/invoice/invoice_004.pdf,attack_A2_metadata,2150
4.1603,12.6151,16.4198,33.7447,465,0.0069,0.037,corpus/attack_A2_metadata/a_metadata_info/invoice/invoice_005.pdf,attack_A2_metadata,2152
4.1541,10.3843,13.4148,27.9532,463,0.0085,0.0366,corpus/attack_A2_metadata/a_metadata_info/invoice/invoice_006.pdf,attack_A2_metadata,2147
2.8705,5.0392,10.08,18.7771,461,0.0028,0.0361,corpus/attack_A1_replacement/admin_record/admin_record_001.pdf,attack_A1_replacement,1785
4.3269,5.2163,11.5945,20.077,461,0.0034,0.0392,corpus/attack_A1_replacement/admin_record/admin_record_002.pdf,attack_A1_replacement,1785
6.4244,6.528,11.9157,21.7351,461,0.0034,0.0369,corpus/attack_A1_replacement/admin_record/admin_record_003.pdf,attack_A1_replacement,1785
3.3472,5.6919,11.0528,20.7363,461,0.0028,0.0377,corpus/attack_A1_replacement/admin_record/admin_record_004.pdf,attack_A1_replacement,1785
4.422,6.4252,11.5363,22.219,461,0.0034,0.0343,corpus/attack_A1_replacement/admin_record/admin_record_005.pdf,attack_A1_replacement,1785
3.2849,5.8014,11.2731,21.3355,461,0.0035,0.0343,corpus/attack_A1_replacement/admin_record/admin_record_006.pdf,attack_A1_replacement,1785
4.268,6.3367,10.2506,20.8524,462,0.0037,0.0378,corpus/attack_A1_replacement/certificate/certificate_001.pdf,attack_A1_replacement,1776
3.5848,5.6452,10.0722,19.6851,462,0.0028,0.035,corpus/attack_A1_replacement/certificate/certificate_002.pdf,attack_A1_replacement,1776
3.921,6.6586,12.9636,23.717,462,0.003,0.034,corpus/attack_A1_replacement/certificate/certificate_003.pdf,attack_A1_replacement,1776
3.7264,7.0672,10.6544,22.1838,462,0.003,0.0378,corpus/attack_A1_replacement/certificate/certificate_004.pdf,attack_A1_replacement,1776
3.5231,6.4913,12.1302,22.6428,462,0.003,0.0349,corpus/attack_A1_replacement/certificate/certificate_005.pdf,attack_A1_replacement,1776
3.5662,6.9616,11.5451,21.7168,462,0.003,0.0309,corpus/attack_A1_replacement/certificate/certificate_006.pdf,attack_A1_replacement,1776
3.3293,7.2315,10.6062,22.9769,498,0.0037,0.0458,corpus/attack_A1_replacement/invoice/invoice_001.pdf,attack_A1_replacement,1825
4.0465,6.6851,15.4229,24.8243,498,0.0027,0.0345,corpus/attack_A1_replacement/invoice/invoice_002.pdf,attack_A1_replacement,1825
3.3736,6.8758,10.2295,20.6207,498,0.0029,0.0338,corpus/attack_A1_replacement/invoice/invoice_003.pdf,attack_A1_replacement,1826
6.1569,5.9938,13.3523,25.9965,498,0.0024,0.0296,corpus/attack_A1_replacement/invoice/invoice_004.pdf,attack_A1_replacement,1825
6.0336,13.2986,20.0394,40.9279,498,0.0036,0.0385,corpus/attack_A1_replacement/invoice/invoice_005.pdf,attack_A1_replacement,1826
8.6333,14.3846,21.7619,40.5997,498,0.003,0.038,corpus/attack_A1_replacement/invoice/invoice_006.pdf,attack_A1_replacement,1826
